2010-01-08,1140.52002,1144.97998
2010-01-11,1145.959961,1146.97998
2010-01-12,1143.810059,1136.219971
2010-01-13,1137.310059,1145.680054
2010-01-14,1145.680054,1148.459961
2010-01-15,1147.719971,1136.030029
2010-01-19,1136.030029,1150.22998
2010-01-20,1147.949951,1138.040039
2010-01-21,1138.680054,1116.47998
2010-01-22,1115.48999,1091.76001
2010-01-25,1092.400024,1096.780029
2010-01-26,1095.800049,1092.170044
2010-01-27,1091.939941,1097.50
2010-01-28,1096.930054,1084.530029
2010-01-29,1087.609985,1073.869995
2010-02-01,1073.890015,1089.189941
2010-02-02,1090.050049,1103.319946
2010-02-03,1100.670044,1097.280029
2010-02-04,1097.25,1063.109985
2010-02-05,1064.119995,1066.189941
2010-02-08,1065.51001,1056.73999
2010-02-09,1060.060059,1070.52002
2010-02-10,1069.680054,1068.130005
2010-02-11,1067.099976,1078.469971
2010-02-12,1075.949951,1075.51001
2010-02-16,1079.130005,1094.869995
2010-02-17,1096.140015,1099.51001
2010-02-18,1099.030029,1106.75
2010-02-19,1105.48999,1109.170044
2010-02-22,1110.00,1108.01001
2010-02-23,1107.48999,1094.599976
2010-02-24,1095.890015,1105.23999
2010-02-25,1101.23999,1102.939941
2010-02-26,1103.099976,1104.48999
2010-03-01,1105.359985,1115.709961
2010-03-02,1117.01001,1118.310059
2010-03-03,1119.359985,1118.790039
2010-03-04,1119.119995,1122.969971
2010-03-05,1125.119995,1138.699951
2010-03-08,1138.400024,1138.50
2010-03-09,1137.560059,1140.449951
2010-03-10,1140.219971,1145.609985
2010-03-11,1143.959961,1150.23999
2010-03-12,1151.709961,1149.98999
2010-03-15,1148.530029,1150.51001
2010-03-16,1150.829956,1159.459961
2010-03-17,1159.939941,1166.209961
2010-03-18,1166.130005,1165.829956
2010-03-19,1166.680054,1159.900024
2010-03-22,1157.25,1165.810059
2010-03-23,1166.469971,1174.170044
2010-03-24,1172.699951,1167.719971
2010-03-25,1170.030029,1165.72998
2010-03-26,1167.579956,1166.589966
2010-03-29,1167.709961,1173.219971
2010-03-30,1173.75,1173.27002
2010-03-31,1171.75,1169.430054
2010-04-01,1171.22998,1178.099976
2010-04-05,1178.709961,1187.439941
2010-04-06,1186.01001,1189.439941
2010-04-07,1188.22998,1182.449951
2010-04-08,1181.75,1186.439941
2010-04-09,1187.469971,1194.369995
2010-04-12,1194.939941,1196.47998
2010-04-13,1195.939941,1197.300049
2010-04-14,1198.689941,1210.650024
2010-04-15,1210.77002,1211.670044
2010-04-16,1210.170044,1192.130005
2010-04-19,1192.060059,1197.52002
2010-04-20,1199.040039,1207.170044
2010-04-21,1207.160034,1205.939941
2010-04-22,1202.52002,1208.670044
2010-04-23,1207.869995,1217.280029
2010-04-26,1217.069946,1212.050049
2010-04-27,1209.920044,1183.709961
2010-04-28,1184.589966,1191.359985
2010-04-29,1193.300049,1206.780029
2010-04-30,1206.77002,1186.689941
2010-05-03,1188.579956,1202.26001
2010-05-04,1197.50,1173.599976
2010-05-05,1169.23999,1165.869995
2010-05-06,1164.380005,1128.150024
2010-05-07,1127.040039,1110.880005
2010-05-10,1122.27002,1159.72998
2010-05-11,1156.390015,1155.790039
2010-05-12,1155.430054,1171.670044
2010-05-13,1170.040039,1157.439941
2010-05-14,1157.189941,1135.680054
2010-05-17,1136.52002,1136.939941
2010-05-18,1138.780029,1120.800049
2010-05-19,1119.569946,1115.050049
2010-05-20,1107.339966,1071.589966
2010-05-21,1067.26001,1087.689941
2010-05-24,1084.780029,1073.650024
2010-05-25,1067.420044,1074.030029
2010-05-26,1075.51001,1067.949951
2010-05-27,1074.27002,1103.060059
2010-05-28,1102.589966,1089.410034
2010-06-01,1087.300049,1070.709961
2010-06-02,1073.01001,1098.380005
2010-06-03,1098.819946,1102.829956
2010-06-04,1098.430054,1064.880005
2010-06-07,1065.839966,1050.469971
2010-06-08,1050.810059,1062.00
2010-06-09,1062.75,1055.689941
2010-06-10,1058.77002,1086.839966
2010-06-11,1082.650024,1091.599976
2010-06-14,1095.00,1089.630005
2010-06-15,1091.209961,1115.22998
2010-06-16,1114.02002,1114.609985
2010-06-17,1115.97998,1116.040039
2010-06-18,1116.160034,1117.51001
2010-06-21,1122.790039,1113.199951
2010-06-22,1113.900024,1095.310059
2010-06-23,1095.569946,1092.040039
2010-06-24,1090.930054,1073.689941
2010-06-25,1075.099976,1076.76001
2010-06-28,1077.50,1074.569946
2010-06-29,1071.099976,1041.23999
2010-06-30,1040.560059,1030.709961
2010-07-01,1031.099976,1027.369995
2010-07-02,1027.650024,1022.580017
2010-07-06,1028.089966,1028.060059
2010-07-07,1028.540039,1060.27002
2010-07-08,1062.920044,1070.25
2010-07-09,1070.50,1077.959961
2010-07-12,1077.22998,1078.75
2010-07-13,1080.650024,1095.339966
2010-07-14,1095.609985,1095.170044
2010-07-15,1094.459961,1096.47998
2010-07-16,1093.849976,1064.880005
2010-07-19,1066.849976,1071.25
2010-07-20,1064.530029,1083.47998
2010-07-21,1086.670044,1069.589966
2010-07-22,1072.140015,1093.670044
2010-07-23,1092.170044,1102.660034
2010-07-26,1102.890015,1115.01001
2010-07-27,1117.359985,1113.839966
2010-07-28,1112.839966,1106.130005
2010-07-29,1108.069946,1101.530029
2010-07-30,1098.439941,1101.599976
2010-08-02,1107.530029,1125.859985
2010-08-03,1125.339966,1120.459961
2010-08-04,1121.060059,1127.23999
2010-08-05,1125.780029,1125.810059
2010-08-06,1122.069946,1121.640015
2010-08-09,1122.800049,1127.790039
2010-08-10,1122.920044,1121.060059
2010-08-11,1116.890015,1089.469971
2010-08-12,1081.47998,1083.609985
2010-08-13,1082.219971,1079.25
2010-08-16,1077.48999,1079.380005
2010-08-17,1081.160034,1092.540039
2010-08-18,1092.079956,1094.160034
2010-08-19,1092.439941,1075.630005
2010-08-20,1075.630005,1071.689941
2010-08-23,1073.359985,1067.359985
2010-08-24,1063.199951,1051.869995
2010-08-25,1048.97998,1055.329956
2010-08-26,1056.280029,1047.219971
2010-08-27,1049.27002,1064.589966
2010-08-30,1062.900024,1048.920044
2010-08-31,1046.880005,1049.329956
2010-09-01,1049.719971,1080.290039
2010-09-02,1080.660034,1090.099976
2010-09-03,1093.609985,1104.51001
2010-09-07,1102.599976,1091.839966
2010-09-08,1092.359985,1098.869995
2010-09-09,1101.150024,1104.180054
2010-09-10,1104.569946,1109.550049
2010-09-13,1113.380005,1121.900024
2010-09-14,1121.160034,1121.099976
2010-09-15,1119.430054,1125.069946
2010-09-16,1123.890015,1124.660034
2010-09-17,1126.390015,1125.589966
2010-09-20,1126.569946,1142.709961
2010-09-21,1142.819946,1139.780029
2010-09-22,1139.48999,1134.280029
2010-09-23,1131.099976,1124.829956
2010-09-24,1131.689941,1148.670044
2010-09-27,1148.640015,1142.160034
2010-09-28,1142.310059,1147.699951
2010-09-29,1146.75,1144.72998
2010-09-30,1145.969971,1141.199951
2010-10-01,1143.48999,1146.23999
2010-10-04,1144.959961,1137.030029
2010-10-05,1140.680054,1160.75
2010-10-06,1159.810059,1159.969971
2010-10-07,1161.569946,1158.060059
2010-10-08,1158.359985,1165.150024
2010-10-11,1165.319946,1165.319946
2010-10-12,1164.280029,1169.77002
2010-10-13,1171.319946,1178.099976
2010-10-14,1177.819946,1173.810059
2010-10-15,1177.469971,1176.189941
2010-10-18,1176.829956,1184.709961
2010-10-19,1178.640015,1165.900024
2010-10-20,1166.73999,1178.170044
2010-10-21,1179.819946,1180.26001
2010-10-22,1180.52002,1183.079956
2010-10-25,1184.73999,1185.619995
2010-10-26,1184.880005,1185.640015
2010-10-27,1183.839966,1182.449951
2010-10-28,1184.469971,1183.780029
2010-10-29,1183.869995,1183.26001
2010-11-01,1185.709961,1184.380005
2010-11-02,1187.859985,1193.569946
2010-11-03,1193.790039,1197.959961
2010-11-04,1198.339966,1221.060059
2010-11-05,1221.199951,1225.849976
2010-11-08,1223.23999,1223.25
2010-11-09,1223.589966,1213.400024
2010-11-10,1213.140015,1218.709961
2010-11-11,1213.040039,1213.540039
2010-11-12,1209.069946,1199.209961
2010-11-15,1200.439941,1197.75
2010-11-16,1194.790039,1178.339966
2010-11-17,1178.329956,1178.589966
2010-11-18,1183.75,1196.689941
2010-11-19,1196.119995,1199.72998
2010-11-22,1198.069946,1197.839966
2010-11-23,1192.51001,1180.72998
2010-11-24,1183.699951,1198.349976
2010-11-26,1194.160034,1189.400024
2010-11-29,1189.079956,1187.76001
2010-11-30,1182.959961,1180.550049
2010-12-01,1186.599976,1206.069946
2010-12-02,1206.810059,1221.530029
2010-12-03,1219.930054,1224.709961
2010-12-06,1223.869995,1223.119995
2010-12-07,1227.25,1223.75
2010-12-08,1225.02002,1228.280029
2010-12-09,1230.140015,1233.00
2010-12-10,1233.849976,1240.400024
2010-12-13,1242.52002,1240.459961
2010-12-14,1241.839966,1241.589966
2010-12-15,1241.579956,1235.22998
2010-12-16,1236.339966,1242.869995
2010-12-17,1243.630005,1243.910034
2010-12-20,1245.76001,1247.079956
2010-12-21,1249.430054,1254.599976
2010-12-22,1254.939941,1258.839966
2010-12-23,1257.530029,1256.77002
2010-12-27,1254.660034,1257.540039
2010-12-28,1259.099976,1258.51001
2010-12-29,1258.780029,1259.780029
2010-12-30,1259.439941,1257.880005
2010-12-31,1256.76001,1257.640015
2011-01-03,1257.619995,1271.869995
2011-01-04,1272.949951,1270.199951
2011-01-05,1268.780029,1276.560059
2011-01-06,1276.290039,1273.849976
2011-01-07,1274.410034,1271.50
2011-01-10,1270.839966,1269.75
2011-01-11,1272.579956,1274.47998
2011-01-12,1275.650024,1285.959961
2011-01-13,1285.780029,1283.76001
2011-01-14,1282.900024,1293.23999
2011-01-18,1293.219971,1295.02002
2011-01-19,1294.52002,1281.920044
2011-01-20,1280.849976,1280.26001
2011-01-21,1283.630005,1283.349976
2011-01-24,1283.290039,1290.839966
2011-01-25,1288.170044,1291.180054
2011-01-26,1291.969971,1296.630005
2011-01-27,1297.51001,1299.540039
2011-01-28,1299.630005,1276.339966
2011-01-31,1276.50,1286.119995
2011-02-01,1289.140015,1307.589966
2011-02-02,1305.910034,1304.030029
2011-02-03,1302.77002,1307.099976
2011-02-04,1307.01001,1310.869995
2011-02-07,1311.849976,1319.050049
2011-02-08,1318.76001,1324.569946
2011-02-09,1322.47998,1320.880005
2011-02-10,1318.130005,1321.869995
2011-02-11,1318.660034,1329.150024
2011-02-14,1328.72998,1332.319946
2011-02-15,1330.430054,1328.01001
2011-02-16,1329.51001,1336.319946
2011-02-17,1334.369995,1340.430054
2011-02-18,1340.380005,1343.01001
2011-02-22,1338.910034,1315.439941
2011-02-23,1315.439941,1307.400024
2011-02-24,1307.089966,1306.099976
2011-02-25,1307.339966,1319.880005
2011-02-28,1321.609985,1327.219971
2011-03-01,1328.640015,1306.329956
2011-03-02,1305.469971,1308.439941
2011-03-03,1312.369995,1330.969971
2011-03-04,1330.72998,1321.150024
2011-03-07,1322.719971,1310.130005
2011-03-08,1311.050049,1321.819946
2011-03-09,1319.920044,1320.02002
2011-03-10,1315.719971,1295.109985
2011-03-11,1293.430054,1304.280029
2011-03-14,1301.189941,1296.390015
2011-03-15,1288.459961,1281.869995
2011-03-16,1279.459961,1256.880005
2011-03-17,1261.609985,1273.719971
2011-03-18,1276.709961,1279.209961
2011-03-21,1281.650024,1298.380005
2011-03-22,1298.290039,1293.77002
2011-03-23,1292.189941,1297.540039
2011-03-24,1300.609985,1309.660034
2011-03-25,1311.800049,1313.800049
2011-03-28,1315.449951,1310.189941
2011-03-29,1309.369995,1319.439941
2011-03-30,1321.890015,1328.26001
2011-03-31,1327.439941,1325.829956
2011-04-01,1329.47998,1332.410034
2011-04-04,1333.560059,1332.869995
2011-04-05,1332.030029,1332.630005
2011-04-06,1335.939941,1335.540039
2011-04-07,1334.819946,1333.51001
2011-04-08,1336.160034,1328.170044
2011-04-11,1329.01001,1324.459961
2011-04-12,1321.959961,1314.160034
2011-04-13,1314.030029,1314.410034
2011-04-14,1311.130005,1314.52002
2011-04-15,1314.540039,1319.680054
2011-04-18,1313.349976,1305.140015
2011-04-19,1305.98999,1312.619995
2011-04-20,1319.119995,1330.359985
2011-04-21,1333.22998,1337.380005
2011-04-25,1337.140015,1335.25
2011-04-26,1336.75,1347.23999
2011-04-27,1348.430054,1355.660034
2011-04-28,1353.859985,1360.47998
2011-04-29,1360.140015,1363.609985
2011-05-02,1365.209961,1361.219971
2011-05-03,1359.76001,1356.619995
2011-05-04,1355.900024,1347.319946
2011-05-05,1344.160034,1335.099976
2011-05-06,1340.23999,1340.199951
2011-05-09,1340.199951,1346.290039
2011-05-10,1348.339966,1357.160034
2011-05-11,1354.51001,1342.079956
2011-05-12,1339.390015,1348.650024
2011-05-13,1348.689941,1337.77002
2011-05-16,1334.77002,1329.469971
2011-05-17,1326.099976,1328.97998
2011-05-18,1328.540039,1340.680054
2011-05-19,1342.400024,1343.599976
2011-05-20,1342.00,1333.27002
2011-05-23,1333.069946,1317.369995
2011-05-24,1317.699951,1316.280029
2011-05-25,1316.359985,1320.469971
2011-05-26,1320.640015,1325.689941
2011-05-27,1325.689941,1331.099976
2011-05-31,1331.099976,1345.199951
2011-06-01,1345.199951,1314.550049
2011-06-02,1314.550049,1312.939941
2011-06-03,1312.939941,1300.160034
2011-06-06,1300.26001,1286.170044
2011-06-07,1286.310059,1284.939941
2011-06-08,1284.630005,1279.560059
2011-06-09,1279.630005,1289.00
2011-06-10,1288.599976,1270.97998
2011-06-13,1271.310059,1271.829956
2011-06-14,1272.219971,1287.869995
2011-06-15,1287.869995,1265.420044
2011-06-16,1265.530029,1267.640015
2011-06-17,1268.579956,1271.50
2011-06-20,1271.50,1278.359985
2011-06-21,1278.400024,1295.52002
2011-06-22,1295.47998,1287.140015
2011-06-23,1286.599976,1283.50
2011-06-24,1283.040039,1268.449951
2011-06-27,1268.439941,1280.099976
2011-06-28,1280.209961,1296.670044
2011-06-29,1296.849976,1307.410034
2011-06-30,1307.640015,1320.640015
2011-07-01,1320.640015,1339.670044
2011-07-05,1339.589966,1337.880005
2011-07-06,1337.560059,1339.219971
2011-07-07,1339.619995,1353.219971
2011-07-08,1352.390015,1343.800049
2011-07-11,1343.310059,1319.48999
2011-07-12,1319.609985,1313.640015
2011-07-13,1314.449951,1317.719971
2011-07-14,1317.73999,1308.869995
2011-07-15,1308.869995,1316.140015
2011-07-18,1315.939941,1305.439941
2011-07-19,1307.069946,1326.72998
2011-07-20,1328.660034,1325.839966
2011-07-21,1325.650024,1343.800049
2011-07-22,1343.800049,1345.02002
2011-07-25,1344.319946,1337.430054
2011-07-26,1337.390015,1331.939941
2011-07-27,1331.910034,1304.890015
2011-07-28,1304.839966,1300.670044
2011-07-29,1300.119995,1292.280029
2011-08-01,1292.589966,1286.939941
2011-08-02,1286.560059,1254.050049
2011-08-03,1254.25,1260.339966
2011-08-04,1260.22998,1200.069946
2011-08-05,1200.280029,1199.380005
2011-08-08,1198.47998,1119.459961
2011-08-09,1120.22998,1172.530029
2011-08-10,1171.77002,1120.76001
2011-08-11,1121.300049,1172.640015
2011-08-12,1172.869995,1178.810059
2011-08-15,1178.859985,1204.48999
2011-08-16,1204.219971,1192.76001
2011-08-17,1192.890015,1193.890015
2011-08-18,1189.619995,1140.650024
2011-08-19,1140.469971,1123.530029
2011-08-22,1123.550049,1123.819946
2011-08-23,1124.359985,1162.349976
2011-08-24,1162.160034,1177.599976
2011-08-25,1176.689941,1159.27002
2011-08-26,1158.849976,1176.800049
2011-08-29,1177.910034,1210.079956
2011-08-30,1209.76001,1212.920044
2011-08-31,1213.00,1218.890015
2011-09-01,1219.119995,1204.420044
2011-09-02,1203.900024,1173.969971
2011-09-06,1173.969971,1165.23999
2011-09-07,1165.849976,1198.619995
2011-09-08,1197.97998,1185.900024
2011-09-09,1185.369995,1154.22998
2011-09-12,1153.50,1162.27002
2011-09-13,1162.589966,1172.869995
2011-09-14,1173.319946,1188.680054
2011-09-15,1189.439941,1209.109985
2011-09-16,1209.209961,1216.01001
2011-09-19,1214.98999,1204.089966
2011-09-20,1204.50,1202.089966
2011-09-21,1203.630005,1166.76001
2011-09-22,1164.550049,1129.560059
2011-09-23,1128.819946,1136.430054
2011-09-26,1136.910034,1162.949951
2011-09-27,1163.319946,1175.380005
2011-09-28,1175.390015,1151.060059
2011-09-29,1151.73999,1160.400024
2011-09-30,1159.930054,1131.420044
2011-10-03,1131.209961,1099.22998
2011-10-04,1097.420044,1123.949951
2011-10-05,1124.030029,1144.030029
2011-10-06,1144.109985,1164.969971
2011-10-07,1165.030029,1155.459961
2011-10-10,1158.150024,1194.890015
2011-10-11,1194.599976,1195.540039
2011-10-12,1196.189941,1207.25
2011-10-13,1206.959961,1203.660034
2011-10-14,1205.650024,1224.579956
2011-10-17,1224.469971,1200.859985
2011-10-18,1200.75,1225.380005
2011-10-19,1223.459961,1209.880005
2011-10-20,1209.920044,1215.390015
2011-10-21,1215.390015,1238.25
2011-10-24,1238.719971,1254.189941
2011-10-25,1254.189941,1229.050049
2011-10-26,1229.170044,1242.00
2011-10-27,1243.969971,1284.589966
2011-10-28,1284.390015,1285.089966
2011-10-31,1284.959961,1253.300049
2011-11-01,1251.00,1218.280029
2011-11-02,1219.619995,1237.900024
2011-11-03,1238.25,1261.150024
2011-11-04,1260.819946,1253.22998
2011-11-07,1253.209961,1261.119995
2011-11-08,1261.119995,1275.920044
2011-11-09,1275.180054,1229.099976
2011-11-10,1229.589966,1239.699951
2011-11-11,1240.119995,1263.849976
2011-11-14,1263.849976,1251.780029
2011-11-15,1251.699951,1257.810059
2011-11-16,1257.810059,1236.910034
2011-11-17,1236.560059,1216.130005
2011-11-18,1216.189941,1215.650024
2011-11-21,1215.619995,1192.97998
2011-11-22,1192.97998,1188.040039
2011-11-23,1187.47998,1161.790039
2011-11-25,1161.410034,1158.670044
2011-11-28,1158.670044,1192.550049
2011-11-29,1192.560059,1195.189941
2011-11-30,1196.719971,1246.959961
2011-12-01,1246.910034,1244.579956
2011-12-02,1246.030029,1244.280029
2011-12-05,1244.329956,1257.079956
2011-12-06,1257.189941,1258.469971
2011-12-07,1258.140015,1261.01001
2011-12-08,1260.869995,1234.349976
2011-12-09,1234.47998,1255.189941
2011-12-12,1255.050049,1236.469971
2011-12-13,1236.829956,1225.72998
2011-12-14,1225.72998,1211.819946
2011-12-15,1212.119995,1215.75
2011-12-16,1216.089966,1219.660034
2011-12-19,1219.73999,1205.349976
2011-12-20,1205.719971,1241.300049
2011-12-21,1241.25,1243.719971
2011-12-22,1243.719971,1254.00
2011-12-23,1254.00,1265.329956
2011-12-27,1265.02002,1265.430054
2011-12-28,1265.380005,1249.640015
2011-12-29,1249.75,1263.02002
2011-12-30,1262.819946,1257.599976
2012-01-03,1258.859985,1277.060059
2012-01-04,1277.030029,1277.300049
2012-01-05,1277.300049,1281.060059
2012-01-06,1280.930054,1277.810059
2012-01-09,1277.829956,1280.699951
2012-01-10,1280.77002,1292.079956
2012-01-11,1292.02002,1292.47998
2012-01-12,1292.47998,1295.50
2012-01-13,1294.819946,1289.089966
2012-01-17,1290.219971,1293.670044
2012-01-18,1293.650024,1308.040039
2012-01-19,1308.069946,1314.50
2012-01-20,1314.48999,1315.380005
2012-01-23,1315.290039,1316.00
2012-01-24,1315.959961,1314.650024
2012-01-25,1314.400024,1326.060059
2012-01-26,1326.280029,1318.430054
2012-01-27,1318.25,1316.329956
2012-01-30,1316.160034,1313.01001
2012-01-31,1313.530029,1312.410034
2012-02-01,1312.449951,1324.089966
2012-02-02,1324.23999,1325.540039
2012-02-03,1326.209961,1344.900024
2012-02-06,1344.319946,1344.329956
2012-02-07,1344.329956,1347.050049
2012-02-08,1347.040039,1349.959961
2012-02-09,1349.969971,1351.949951
2012-02-10,1351.209961,1342.640015
2012-02-13,1343.060059,1351.77002
2012-02-14,1351.300049,1350.50
2012-02-15,1350.52002,1343.22998
2012-02-16,1342.609985,1358.040039
2012-02-17,1358.060059,1361.22998
2012-02-21,1361.219971,1362.209961
2012-02-22,1362.109985,1357.660034
2012-02-23,1357.530029,1363.459961
2012-02-24,1363.459961,1365.73999
2012-02-27,1365.199951,1367.589966
2012-02-28,1367.560059,1372.180054
2012-02-29,1372.199951,1365.680054
2012-03-01,1365.900024,1374.089966
2012-03-02,1374.089966,1369.630005
2012-03-05,1369.589966,1364.329956
2012-03-06,1363.630005,1343.359985
2012-03-07,1343.390015,1352.630005
2012-03-08,1352.650024,1365.910034
2012-03-09,1365.969971,1370.869995
2012-03-12,1370.780029,1371.089966
2012-03-13,1371.920044,1395.949951
2012-03-14,1395.949951,1394.280029
2012-03-15,1394.170044,1402.599976
2012-03-16,1402.550049,1404.170044
2012-03-19,1404.170044,1409.75
2012-03-20,1409.589966,1405.52002
2012-03-21,1405.52002,1402.890015
2012-03-22,1402.890015,1392.780029
2012-03-23,1392.780029,1397.109985
2012-03-26,1397.109985,1416.51001
2012-03-27,1416.550049,1412.52002
2012-03-28,1412.52002,1405.540039
2012-03-29,1405.390015,1403.280029
2012-03-30,1403.310059,1408.469971
2012-04-02,1408.469971,1419.040039
2012-04-03,1418.97998,1413.380005
2012-04-04,1413.089966,1398.959961
2012-04-05,1398.790039,1398.079956
2012-04-09,1397.449951,1382.199951
2012-04-10,1382.180054,1358.589966
2012-04-11,1358.97998,1368.709961
2012-04-12,1368.77002,1387.569946
2012-04-13,1387.609985,1370.26001
2012-04-16,1370.27002,1369.569946
2012-04-17,1369.569946,1390.780029
2012-04-18,1390.780029,1385.140015
2012-04-19,1385.079956,1376.920044
2012-04-20,1376.959961,1378.530029
2012-04-23,1378.530029,1366.939941
2012-04-24,1366.969971,1371.969971
2012-04-25,1372.109985,1390.689941
2012-04-26,1390.640015,1399.97998
2012-04-27,1400.189941,1403.359985
2012-04-30,1403.26001,1397.910034
2012-05-01,1397.859985,1405.819946
2012-05-02,1405.50,1402.310059
2012-05-03,1402.319946,1391.569946
2012-05-04,1391.51001,1369.099976
2012-05-07,1368.790039,1369.579956
2012-05-08,1369.160034,1363.719971
2012-05-09,1363.199951,1354.579956
2012-05-10,1354.579956,1357.98999
2012-05-11,1358.109985,1353.390015
2012-05-14,1351.930054,1338.349976
2012-05-15,1338.359985,1330.660034
2012-05-16,1330.780029,1324.800049
2012-05-17,1324.819946,1304.859985
2012-05-18,1305.050049,1295.219971
2012-05-21,1295.72998,1315.98999
2012-05-22,1316.089966,1316.630005
2012-05-23,1316.02002,1318.859985
2012-05-24,1318.719971,1320.680054
2012-05-25,1320.810059,1317.819946
2012-05-29,1318.900024,1332.420044
2012-05-30,1331.25,1313.319946
2012-05-31,1313.089966,1310.329956
2012-06-01,1309.869995,1278.040039
2012-06-04,1278.290039,1278.180054
2012-06-05,1277.819946,1285.50
2012-06-06,1285.609985,1315.130005
2012-06-07,1316.150024,1314.98999
2012-06-08,1314.98999,1325.660034
2012-06-11,1325.719971,1308.930054
2012-06-12,1309.400024,1324.180054
2012-06-13,1324.02002,1314.880005
2012-06-14,1314.880005,1329.099976
2012-06-15,1329.189941,1342.839966
2012-06-18,1342.420044,1344.780029
2012-06-19,1344.829956,1357.97998
2012-06-20,1358.040039,1355.689941
2012-06-21,1355.430054,1325.51001
2012-06-22,1325.920044,1335.02002
2012-06-25,1334.900024,1313.719971
2012-06-26,1314.089966,1319.98999
2012-06-27,1320.709961,1331.849976
2012-06-28,1331.52002,1329.040039
2012-06-29,1330.119995,1362.160034
2012-07-02,1362.329956,1365.51001
2012-07-03,1365.75,1374.02002
2012-07-05,1373.719971,1367.579956
2012-07-06,1367.089966,1354.680054
2012-07-09,1354.660034,1352.459961
2012-07-10,1352.959961,1341.469971
2012-07-11,1341.400024,1341.449951
2012-07-12,1341.290039,1334.76001
2012-07-13,1334.810059,1356.780029
2012-07-16,1356.50,1353.640015
2012-07-17,1353.680054,1363.670044
2012-07-18,1363.579956,1372.780029
2012-07-19,1373.01001,1376.51001
2012-07-20,1376.51001,1362.660034
2012-07-23,1362.339966,1350.52002
2012-07-24,1350.52002,1338.310059
2012-07-25,1338.349976,1337.890015
2012-07-26,1338.170044,1360.02002
2012-07-27,1360.050049,1385.969971
2012-07-30,1385.939941,1385.300049
2012-07-31,1385.27002,1379.319946
2012-08-01,1379.319946,1375.319946
2012-08-02,1375.130005,1365.00
2012-08-03,1365.449951,1390.98999
2012-08-06,1391.040039,1394.22998
2012-08-07,1394.459961,1401.349976
2012-08-08,1401.22998,1402.219971
2012-08-09,1402.26001,1402.800049
2012-08-10,1402.579956,1405.869995
2012-08-13,1405.869995,1404.109985
2012-08-14,1404.359985,1403.930054
2012-08-15,1403.890015,1405.530029
2012-08-16,1405.569946,1415.51001
2012-08-17,1415.839966,1418.160034
2012-08-20,1417.849976,1418.130005
2012-08-21,1418.130005,1413.170044
2012-08-22,1413.089966,1413.48999
2012-08-23,1413.48999,1402.079956
2012-08-24,1401.98999,1411.130005
2012-08-27,1411.130005,1410.439941
2012-08-28,1410.439941,1409.300049
2012-08-29,1409.319946,1410.48999
2012-08-30,1410.079956,1399.47998
2012-08-31,1400.069946,1406.579956
2012-09-04,1406.540039,1404.939941
2012-09-05,1404.939941,1403.439941
2012-09-06,1403.73999,1432.119995
2012-09-07,1432.119995,1437.920044
2012-09-10,1437.920044,1429.079956
2012-09-11,1429.130005,1433.560059
2012-09-12,1433.560059,1436.560059
2012-09-13,1436.560059,1459.98999
2012-09-14,1460.069946,1465.77002
2012-09-17,1465.420044,1461.189941
2012-09-18,1461.189941,1459.319946
2012-09-19,1459.50,1461.050049
2012-09-20,1461.050049,1460.26001
2012-09-21,1460.339966,1460.150024
2012-09-24,1459.76001,1456.890015
2012-09-25,1456.939941,1441.589966
2012-09-26,1441.599976,1433.319946
2012-09-27,1433.359985,1447.150024
2012-09-28,1447.130005,1440.670044
2012-10-01,1440.900024,1444.48999
2012-10-02,1444.98999,1445.75
2012-10-03,1446.050049,1450.98999
2012-10-04,1451.079956,1461.400024
2012-10-05,1461.400024,1460.930054
2012-10-08,1460.930054,1455.880005
2012-10-09,1455.900024,1441.47998
2012-10-10,1441.47998,1432.560059
2012-10-11,1432.819946,1432.839966
2012-10-12,1432.839966,1428.589966
2012-10-15,1428.75,1440.130005
2012-10-16,1440.310059,1454.920044
2012-10-17,1454.219971,1460.910034
2012-10-18,1460.939941,1457.339966
2012-10-19,1457.339966,1433.189941
2012-10-22,1433.209961,1433.819946
2012-10-23,1433.73999,1413.109985
2012-10-24,1413.199951,1408.75
2012-10-25,1409.73999,1412.969971
2012-10-26,1412.969971,1411.939941
2012-10-31,1410.98999,1412.160034
2012-11-01,1412.199951,1427.589966
2012-11-02,1427.589966,1414.199951
2012-11-05,1414.02002,1417.26001
2012-11-06,1417.26001,1428.390015
2012-11-07,1428.27002,1394.530029
2012-11-08,1394.530029,1377.51001
2012-11-09,1377.550049,1379.849976
2012-11-12,1379.859985,1380.030029
2012-11-13,1380.030029,1374.530029
2012-11-14,1374.640015,1355.48999
2012-11-15,1355.410034,1353.329956
2012-11-16,1353.359985,1359.880005
2012-11-19,1359.880005,1386.890015
2012-11-20,1386.819946,1387.810059
2012-11-21,1387.790039,1391.030029
2012-11-23,1391.030029,1409.150024
2012-11-26,1409.150024,1406.290039
2012-11-27,1406.290039,1398.939941
2012-11-28,1398.77002,1409.930054
2012-11-29,1409.959961,1415.949951
2012-11-30,1415.949951,1416.180054
2012-12-03,1416.339966,1409.459961
2012-12-04,1409.459961,1407.050049
2012-12-05,1407.050049,1409.280029
2012-12-06,1409.430054,1413.939941
2012-12-07,1413.949951,1418.069946
2012-12-10,1418.069946,1418.550049
2012-12-11,1418.550049,1427.839966
2012-12-12,1427.839966,1428.47998
2012-12-13,1428.47998,1419.449951
2012-12-14,1419.449951,1413.579956
2012-12-17,1413.540039,1430.359985
2012-12-18,1430.469971,1446.790039
2012-12-19,1446.790039,1435.810059
2012-12-20,1435.810059,1443.689941
2012-12-21,1443.670044,1430.150024
2012-12-24,1430.150024,1426.660034
2012-12-26,1426.660034,1419.829956
2012-12-27,1419.829956,1418.099976
2012-12-28,1418.099976,1402.430054
2012-12-31,1402.430054,1426.189941
2013-01-02,1426.189941,1462.420044
2013-01-03,1462.420044,1459.369995
2013-01-04,1459.369995,1466.469971
2013-01-07,1466.469971,1461.890015
2013-01-08,1461.890015,1457.150024
2013-01-09,1457.150024,1461.02002
2013-01-10,1461.02002,1472.119995
2013-01-11,1472.119995,1472.050049
2013-01-14,1472.050049,1470.680054
2013-01-15,1470.670044,1472.339966
2013-01-16,1472.329956,1472.630005
2013-01-17,1472.630005,1480.939941
2013-01-18,1480.949951,1485.97998
2013-01-22,1485.97998,1492.560059
2013-01-23,1492.560059,1494.810059
2013-01-24,1494.810059,1494.819946
2013-01-25,1494.819946,1502.959961
2013-01-28,1502.959961,1500.180054
2013-01-29,1500.180054,1507.839966
2013-01-30,1507.839966,1501.959961
2013-01-31,1501.959961,1498.109985
2013-02-01,1498.109985,1513.170044
2013-02-04,1513.170044,1495.709961
2013-02-05,1495.709961,1511.290039
2013-02-06,1511.290039,1512.119995
2013-02-07,1512.119995,1509.390015
2013-02-08,1509.390015,1517.930054
2013-02-11,1517.930054,1517.01001
2013-02-12,1517.01001,1519.430054
2013-02-13,1519.430054,1520.329956
2013-02-14,1520.329956,1521.380005
2013-02-15,1521.380005,1519.790039
2013-02-19,1519.790039,1530.939941
2013-02-20,1530.939941,1511.949951
2013-02-21,1511.949951,1502.420044
2013-02-22,1502.420044,1515.599976
2013-02-25,1515.599976,1487.849976
2013-02-26,1487.849976,1496.939941
2013-02-27,1496.939941,1515.98999
2013-02-28,1515.98999,1514.680054
2013-03-01,1514.680054,1518.199951
2013-03-04,1518.199951,1525.199951
2013-03-05,1525.199951,1539.790039
2013-03-06,1539.790039,1541.459961
2013-03-07,1541.459961,1544.26001
2013-03-08,1544.26001,1551.180054
2013-03-11,1551.150024,1556.219971
2013-03-12,1556.219971,1552.47998
2013-03-13,1552.47998,1554.52002
2013-03-14,1554.52002,1563.22998
2013-03-15,1563.209961,1560.699951
2013-03-18,1560.699951,1552.099976
2013-03-19,1552.099976,1548.339966
2013-03-20,1548.339966,1558.709961
2013-03-21,1558.709961,1545.800049
2013-03-22,1545.900024,1556.890015
2013-03-25,1556.890015,1551.689941
2013-03-26,1551.689941,1563.77002
2013-03-27,1563.75,1562.849976
2013-03-28,1562.859985,1569.189941
2013-04-01,1569.180054,1562.170044
2013-04-02,1562.170044,1570.25
2013-04-03,1570.25,1553.689941
2013-04-04,1553.689941,1559.97998
2013-04-05,1559.97998,1553.280029
2013-04-08,1553.26001,1563.069946
2013-04-09,1563.109985,1568.609985
2013-04-10,1568.609985,1587.72998
2013-04-11,1587.72998,1593.369995
2013-04-12,1593.300049,1588.849976
2013-04-15,1588.839966,1552.359985
2013-04-16,1552.359985,1574.569946
2013-04-17,1574.569946,1552.01001
2013-04-18,1552.030029,1541.609985
2013-04-19,1541.609985,1555.25
2013-04-22,1555.25,1562.50
2013-04-23,1562.50,1578.780029
2013-04-24,1578.780029,1578.790039
2013-04-25,1578.930054,1585.160034
2013-04-26,1585.160034,1582.23999
2013-04-29,1582.339966,1593.609985
2013-04-30,1593.579956,1597.569946
2013-05-01,1597.550049,1582.699951
2013-05-02,1582.77002,1597.589966
2013-05-03,1597.599976,1614.420044
2013-05-06,1614.400024,1617.50
2013-05-07,1617.550049,1625.959961
2013-05-08,1625.949951,1632.689941
2013-05-09,1632.689941,1626.670044
2013-05-10,1626.689941,1633.699951
2013-05-13,1632.099976,1633.77002
2013-05-14,1633.75,1650.339966
2013-05-15,1649.130005,1658.780029
2013-05-16,1658.069946,1650.469971
2013-05-17,1652.449951,1667.469971
2013-05-20,1665.709961,1666.290039
2013-05-21,1666.199951,1669.160034
2013-05-22,1669.390015,1655.349976
2013-05-23,1651.619995,1650.51001
2013-05-24,1646.670044,1649.599976
2013-05-28,1652.630005,1660.060059
2013-05-29,1656.569946,1648.359985
2013-05-30,1649.140015,1654.410034
2013-05-31,1652.130005,1630.73999
2013-06-03,1631.709961,1640.420044
2013-06-04,1640.72998,1631.380005
2013-06-05,1629.050049,1608.900024
2013-06-06,1609.290039,1622.560059
2013-06-07,1625.27002,1643.380005
2013-06-10,1644.670044,1642.810059
2013-06-11,1638.640015,1626.130005
2013-06-12,1629.939941,1612.52002
2013-06-13,1612.150024,1636.359985
2013-06-14,1635.52002,1626.72998
2013-06-17,1630.640015,1639.040039
2013-06-18,1639.77002,1651.810059
2013-06-19,1651.829956,1628.930054
2013-06-20,1624.619995,1588.189941
2013-06-21,1588.619995,1592.430054
2013-06-24,1588.77002,1573.089966
2013-06-25,1577.52002,1588.030029
2013-06-26,1592.27002,1603.26001
2013-06-27,1606.439941,1613.199951
2013-06-28,1611.119995,1606.280029
2013-07-01,1609.780029,1614.959961
2013-07-02,1614.290039,1614.079956
2013-07-03,1611.47998,1615.410034
2013-07-05,1618.650024,1631.890015
2013-07-08,1634.199951,1640.459961
2013-07-09,1642.890015,1652.319946
2013-07-10,1651.560059,1652.619995
2013-07-11,1657.410034,1675.02002
2013-07-12,1675.26001,1680.189941
2013-07-15,1679.589966,1682.50
2013-07-16,1682.699951,1676.26001
2013-07-17,1677.910034,1680.910034
2013-07-18,1681.050049,1689.369995
2013-07-19,1686.150024,1692.089966
2013-07-22,1694.410034,1695.530029
2013-07-23,1696.630005,1692.390015
2013-07-24,1696.060059,1685.939941
2013-07-25,1685.209961,1690.25
2013-07-26,1687.310059,1691.650024
2013-07-29,1690.319946,1685.329956
2013-07-30,1687.920044,1685.959961
2013-07-31,1687.76001,1685.72998
2013-08-01,1689.420044,1706.869995
2013-08-02,1706.099976,1709.670044
2013-08-05,1708.01001,1707.140015
2013-08-06,1705.790039,1697.369995
2013-08-07,1695.300049,1690.910034
2013-08-08,1693.349976,1697.47998
2013-08-09,1696.099976,1691.420044
2013-08-12,1688.369995,1689.469971
2013-08-13,1690.650024,1694.160034
2013-08-14,1693.880005,1685.390015
2013-08-15,1679.609985,1661.319946
2013-08-16,1661.219971,1655.829956
2013-08-19,1655.25,1646.060059
2013-08-20,1646.810059,1652.349976
2013-08-21,1650.660034,1642.800049
2013-08-22,1645.030029,1656.959961
2013-08-23,1659.920044,1663.50
2013-08-26,1664.290039,1656.780029
2013-08-27,1652.540039,1630.47998
2013-08-28,1630.25,1634.959961
2013-08-29,1633.50,1638.170044
2013-08-30,1638.890015,1632.969971
2013-09-03,1635.949951,1639.77002
2013-09-04,1640.719971,1653.079956
2013-09-05,1653.280029,1655.079956
2013-09-06,1657.439941,1655.170044
2013-09-09,1656.849976,1671.709961
2013-09-10,1675.109985,1683.98999
2013-09-11,1681.040039,1689.130005
2013-09-12,1689.209961,1683.420044
2013-09-13,1685.040039,1687.98999
2013-09-16,1691.699951,1697.599976
2013-09-17,1697.72998,1704.76001
2013-09-18,1705.73999,1725.52002
2013-09-19,1727.339966,1722.339966
2013-09-20,1722.439941,1709.910034
2013-09-23,1711.439941,1701.839966
2013-09-24,1702.599976,1697.420044
2013-09-25,1698.02002,1692.77002
2013-09-26,1694.050049,1698.670044
2013-09-27,1695.52002,1691.75
2013-09-30,1687.26001,1681.550049
2013-10-01,1682.410034,1695.00
2013-10-02,1691.900024,1693.869995
2013-10-03,1692.349976,1678.660034
2013-10-04,1678.790039,1690.50
2013-10-07,1687.150024,1676.119995
2013-10-08,1676.219971,1655.449951
2013-10-09,1656.98999,1656.400024
2013-10-10,1660.880005,1692.560059
2013-10-11,1691.089966,1703.199951
2013-10-14,1699.859985,1710.140015
2013-10-15,1709.170044,1698.060059
2013-10-16,1700.48999,1721.540039
2013-10-17,1720.170044,1733.150024
2013-10-18,1736.719971,1744.50
2013-10-21,1745.199951,1744.660034
2013-10-22,1746.47998,1754.670044
2013-10-23,1752.27002,1746.380005
2013-10-24,1747.47998,1752.069946
2013-10-25,1756.01001,1759.77002
2013-10-28,1759.420044,1762.109985
2013-10-29,1762.930054,1771.949951
2013-10-30,1772.27002,1763.310059
2013-10-31,1763.23999,1756.540039
2013-11-01,1758.699951,1761.640015
2013-11-04,1763.400024,1767.930054
2013-11-05,1765.670044,1762.969971
2013-11-06,1765.00,1770.48999
2013-11-07,1770.73999,1747.150024
2013-11-08,1748.369995,1770.609985
2013-11-11,1769.959961,1771.890015
2013-11-12,1769.51001,1767.689941
2013-11-13,1764.369995,1782.00
2013-11-14,1782.75,1790.619995
2013-11-15,1790.660034,1798.180054
2013-11-18,1798.819946,1791.530029
2013-11-19,1790.790039,1787.869995
2013-11-20,1789.589966,1781.369995
2013-11-21,1783.52002,1795.849976
2013-11-22,1797.209961,1804.76001
2013-11-25,1806.329956,1802.47998
2013-11-26,1802.869995,1802.75
2013-11-27,1803.47998,1807.22998
2013-11-29,1808.689941,1805.810059
2013-12-02,1806.550049,1800.900024
2013-12-03,1800.099976,1795.150024
2013-12-04,1793.150024,1792.810059
2013-12-05,1792.819946,1785.030029
2013-12-06,1788.359985,1805.089966
2013-12-09,1806.209961,1808.369995
2013-12-10,1807.599976,1802.619995
2013-12-11,1802.76001,1782.219971
2013-12-12,1781.709961,1775.50
2013-12-13,1777.97998,1775.319946
2013-12-16,1777.47998,1786.540039
2013-12-17,1786.469971,1781.00
2013-12-18,1781.459961,1810.650024
2013-12-19,1809.00,1809.599976
2013-12-20,1810.390015,1818.319946
2013-12-23,1822.920044,1827.98999
2013-12-24,1828.02002,1833.319946
2013-12-26,1834.959961,1842.02002
2013-12-27,1842.969971,1841.400024
2013-12-30,1841.469971,1841.069946
2013-12-31,1842.609985,1848.359985
2014-01-02,1845.859985,1831.97998
2014-01-03,1833.209961,1831.369995
2014-01-06,1832.310059,1826.77002
2014-01-07,1828.709961,1837.880005
2014-01-08,1837.900024,1837.48999
2014-01-09,1839.00,1838.130005
2014-01-10,1840.060059,1842.369995
2014-01-13,1841.26001,1819.199951
2014-01-14,1821.359985,1838.880005
2014-01-15,1840.52002,1848.380005
2014-01-16,1847.98999,1845.890015
2014-01-17,1844.22998,1838.699951
2014-01-21,1841.050049,1843.800049
2014-01-22,1844.709961,1844.859985
2014-01-23,1842.290039,1828.459961
2014-01-24,1826.959961,1790.290039
2014-01-27,1791.030029,1781.560059
2014-01-28,1783.00,1792.50
2014-01-29,1790.150024,1774.199951
2014-01-30,1777.170044,1794.189941
2014-01-31,1790.880005,1782.589966
2014-02-03,1782.680054,1741.890015
2014-02-04,1743.819946,1755.199951
2014-02-05,1753.380005,1751.640015
2014-02-06,1752.98999,1773.430054
2014-02-07,1776.01001,1797.02002
2014-02-10,1796.199951,1799.839966
2014-02-11,1800.449951,1819.75
2014-02-12,1820.119995,1819.26001
2014-02-13,1814.819946,1829.829956
2014-02-14,1828.459961,1838.630005
2014-02-18,1839.030029,1840.76001
2014-02-19,1838.900024,1828.75
2014-02-20,1829.23999,1839.780029
2014-02-21,1841.069946,1836.25
2014-02-24,1836.780029,1847.609985
2014-02-25,1847.660034,1845.119995
2014-02-26,1845.790039,1845.160034
2014-02-27,1844.900024,1854.290039
2014-02-28,1855.119995,1859.449951
2014-03-03,1857.680054,1845.72998
2014-03-04,1849.22998,1873.910034
2014-03-05,1874.050049,1873.810059
2014-03-06,1874.180054,1877.030029
2014-03-07,1878.52002,1878.040039
2014-03-10,1877.859985,1877.170044
2014-03-11,1878.26001,1867.630005
2014-03-12,1866.150024,1868.199951
2014-03-13,1869.060059,1846.339966
2014-03-14,1845.069946,1841.130005
2014-03-17,1842.810059,1858.829956
2014-03-18,1858.920044,1872.25
2014-03-19,1872.25,1860.77002
2014-03-20,1860.089966,1872.01001
2014-03-21,1874.530029,1866.52002
2014-03-24,1867.670044,1857.439941
2014-03-25,1859.47998,1865.619995
2014-03-26,1867.089966,1852.560059
2014-03-27,1852.109985,1849.040039
2014-03-28,1850.069946,1857.619995
2014-03-31,1859.160034,1872.339966
2014-04-01,1873.959961,1885.52002
2014-04-02,1886.609985,1890.900024
2014-04-03,1891.430054,1888.77002
2014-04-04,1890.25,1865.089966
2014-04-07,1863.920044,1845.040039
2014-04-08,1845.47998,1851.959961
2014-04-09,1852.640015,1872.180054
2014-04-10,1872.280029,1833.079956
2014-04-11,1830.650024,1815.689941
2014-04-14,1818.180054,1830.609985
2014-04-15,1831.449951,1842.97998
2014-04-16,1846.01001,1862.310059
2014-04-17,1861.72998,1864.849976
2014-04-21,1865.790039,1871.890015
2014-04-22,1872.569946,1879.550049
2014-04-23,1879.319946,1875.390015
2014-04-24,1881.969971,1878.609985
2014-04-25,1877.719971,1863.400024
2014-04-28,1865.00,1869.430054
2014-04-29,1870.780029,1878.329956
2014-04-30,1877.099976,1883.949951
2014-05-01,1884.390015,1883.680054
2014-05-02,1885.300049,1881.140015
2014-05-05,1879.449951,1884.660034
2014-05-06,1883.689941,1867.719971
2014-05-07,1868.530029,1878.209961
2014-05-08,1877.390015,1875.630005
2014-05-09,1875.27002,1878.47998
2014-05-12,1880.030029,1896.650024
2014-05-13,1896.75,1897.449951
2014-05-14,1897.130005,1888.530029
2014-05-15,1888.160034,1870.849976
2014-05-16,1871.189941,1877.859985
2014-05-19,1876.660034,1885.079956
2014-05-20,1884.880005,1872.829956
2014-05-21,1873.339966,1888.030029
2014-05-22,1888.189941,1892.48999
2014-05-23,1893.319946,1900.530029
2014-05-27,1902.01001,1911.910034
2014-05-28,1911.77002,1909.780029
2014-05-29,1910.599976,1920.030029
2014-05-30,1920.329956,1923.569946
2014-06-02,1923.869995,1924.969971
2014-06-03,1923.069946,1924.23999
2014-06-04,1923.060059,1927.880005
2014-06-05,1928.52002,1940.459961
2014-06-06,1942.410034,1949.439941
2014-06-09,1948.969971,1951.27002
2014-06-10,1950.339966,1950.790039
2014-06-11,1949.369995,1943.890015
2014-06-12,1943.349976,1930.109985
2014-06-13,1930.800049,1936.160034
2014-06-16,1934.839966,1937.780029
2014-06-17,1937.150024,1941.98999
2014-06-18,1942.72998,1956.97998
2014-06-19,1957.50,1959.47998
2014-06-20,1960.449951,1962.869995
2014-06-23,1962.920044,1962.609985
2014-06-24,1961.969971,1949.97998
2014-06-25,1949.27002,1959.530029
2014-06-26,1959.890015,1957.219971
2014-06-27,1956.560059,1960.959961
2014-06-30,1960.790039,1960.22998
2014-07-01,1962.290039,1973.319946
2014-07-02,1973.060059,1974.619995
2014-07-03,1975.880005,1985.439941
2014-07-07,1984.219971,1977.650024
2014-07-08,1976.390015,1963.709961
2014-07-09,1965.099976,1972.829956
2014-07-10,1966.670044,1964.680054
2014-07-11,1965.76001,1967.569946
2014-07-14,1969.859985,1977.099976
2014-07-15,1977.359985,1973.280029
2014-07-16,1976.349976,1981.569946
2014-07-17,1979.75,1958.119995
2014-07-18,1961.540039,1978.219971
2014-07-21,1976.930054,1973.630005
2014-07-22,1975.650024,1983.530029
2014-07-23,1985.319946,1987.01001
2014-07-24,1988.069946,1987.97998
2014-07-25,1984.599976,1978.339966
2014-07-28,1978.25,1978.910034
2014-07-29,1980.030029,1969.949951
2014-07-30,1973.209961,1970.069946
2014-07-31,1965.140015,1930.670044
2014-08-01,1929.800049,1925.150024
2014-08-04,1926.619995,1938.98999
2014-08-05,1936.339966,1920.209961
2014-08-06,1917.290039,1920.23999
2014-08-07,1923.030029,1909.569946
2014-08-08,1910.349976,1931.589966
2014-08-11,1933.430054,1936.920044
2014-08-12,1935.72998,1933.75
2014-08-13,1935.599976,1946.719971
2014-08-14,1947.410034,1955.180054
2014-08-15,1958.869995,1955.060059
2014-08-18,1958.359985,1971.73999
2014-08-19,1972.72998,1981.599976
2014-08-20,1980.459961,1986.51001
2014-08-21,1986.819946,1992.369995
2014-08-22,1992.599976,1988.400024
2014-08-25,1991.73999,1997.920044
2014-08-26,1998.589966,2000.02002
2014-08-27,2000.540039,2000.119995
2014-08-28,1997.420044,1996.73999
2014-08-29,1998.449951,2003.369995
2014-09-02,2004.069946,2002.280029
2014-09-03,2003.569946,2000.719971
2014-09-04,2001.670044,1997.650024
2014-09-05,1998.00,2007.709961
2014-09-08,2007.170044,2001.540039
2014-09-09,2000.72998,1988.439941
2014-09-10,1988.410034,1995.689941
2014-09-11,1992.849976,1997.449951
2014-09-12,1996.73999,1985.540039
2014-09-15,1986.040039,1984.130005
2014-09-16,1981.930054,1998.97998
2014-09-17,1999.300049,2001.569946
2014-09-18,2003.069946,2011.359985
2014-09-19,2012.73999,2010.400024
2014-09-22,2009.079956,1994.290039
2014-09-23,1992.780029,1982.77002
2014-09-24,1983.339966,1998.300049
2014-09-25,1997.319946,1965.98999
2014-09-26,1966.219971,1982.849976
2014-09-29,1978.959961,1977.800049
2014-09-30,1978.209961,1972.290039
2014-10-01,1971.439941,1946.160034
2014-10-02,1945.829956,1946.170044
2014-10-03,1948.119995,1967.900024
2014-10-06,1970.01001,1964.819946
2014-10-07,1962.359985,1935.099976
2014-10-08,1935.550049,1968.890015
2014-10-09,1967.680054,1928.209961
2014-10-10,1925.630005,1906.130005
2014-10-13,1905.650024,1874.73999
2014-10-14,1877.109985,1877.699951
2014-10-15,1874.180054,1862.48999
2014-10-16,1855.949951,1862.76001
2014-10-17,1864.910034,1886.76001
2014-10-20,1885.619995,1904.01001
2014-10-21,1909.380005,1941.280029
2014-10-22,1941.290039,1927.109985
2014-10-23,1931.02002,1950.819946
2014-10-24,1951.589966,1964.579956
2014-10-27,1962.969971,1961.630005
2014-10-28,1964.140015,1985.050049
2014-10-29,1983.290039,1982.300049
2014-10-30,1979.48999,1994.650024
2014-10-31,2001.199951,2018.050049
2014-11-03,2018.209961,2017.810059
2014-11-04,2015.810059,2012.099976
2014-11-05,2015.290039,2023.569946
2014-11-06,2023.329956,2031.209961
2014-11-07,2032.359985,2031.920044
2014-11-10,2032.01001,2038.26001
2014-11-11,2038.199951,2039.680054
2014-11-12,2037.75,2038.25
2014-11-13,2039.209961,2039.329956
2014-11-14,2039.73999,2039.819946
2014-11-17,2038.290039,2041.319946
2014-11-18,2041.47998,2051.800049
2014-11-19,2051.159912,2048.719971
2014-11-20,2045.869995,2052.75
2014-11-21,2057.459961,2063.50
2014-11-24,2065.070068,2069.409912
2014-11-25,2070.149902,2067.030029
2014-11-26,2067.360107,2072.830078
2014-11-28,2074.780029,2067.560059
2014-12-01,2065.780029,2053.439941
2014-12-02,2053.77002,2066.550049
2014-12-03,2067.449951,2074.330078
2014-12-04,2073.639893,2071.919922
2014-12-05,2072.780029,2075.370117
2014-12-08,2074.840088,2060.310059
2014-12-09,2056.550049,2059.820068
2014-12-10,2058.860107,2026.140015
2014-12-11,2027.920044,2035.329956
2014-12-12,2030.359985,2002.329956
2014-12-15,2005.030029,1989.630005
2014-12-16,1986.709961,1972.73999
2014-12-17,1973.77002,2012.890015
2014-12-18,2018.97998,2061.22998
2014-12-19,2061.040039,2070.649902
2014-12-22,2069.280029,2078.540039
2014-12-23,2081.47998,2082.169922
2014-12-24,2083.25,2081.879883
2014-12-26,2084.300049,2088.77002
2014-12-29,2087.629883,2090.570068
2014-12-30,2088.48999,2080.350098
2014-12-31,2082.110107,2058.899902
2015-01-02,2058.899902,2058.199951
2015-01-05,2054.439941,2020.579956
2015-01-06,2022.150024,2002.609985
2015-01-07,2005.550049,2025.900024
2015-01-08,2030.609985,2062.139893
2015-01-09,2063.449951,2044.810059
2015-01-12,2046.130005,2028.26001
2015-01-13,2031.579956,2023.030029
2015-01-14,2018.400024,2011.27002
2015-01-15,2013.75,1992.670044
2015-01-16,1992.25,2019.420044
2015-01-20,2020.76001,2022.550049
2015-01-21,2020.189941,2032.119995
2015-01-22,2034.300049,2063.149902
2015-01-23,2062.97998,2051.820068
2015-01-26,2050.419922,2057.090088
2015-01-27,2047.859985,2029.550049
2015-01-28,2032.339966,2002.160034
2015-01-29,2002.449951,2021.25
2015-01-30,2019.349976,1994.98999
2015-02-02,1996.670044,2020.849976
2015-02-03,2022.709961,2050.030029
2015-02-04,2048.860107,2041.51001
2015-02-05,2043.449951,2062.52002
2015-02-06,2062.280029,2055.469971
2015-02-09,2053.469971,2046.73999
2015-02-10,2049.379883,2068.590088
2015-02-11,2068.550049,2068.530029
2015-02-12,2069.97998,2088.47998
2015-02-13,2088.780029,2096.98999
2015-02-17,2096.469971,2100.340088
2015-02-18,2099.159912,2099.679932
2015-02-19,2099.25,2097.449951
2015-02-20,2097.649902,2110.300049
2015-02-23,2109.830078,2109.659912
2015-02-24,2109.100098,2115.47998
2015-02-25,2115.300049,2113.860107
2015-02-26,2113.909912,2110.73999
2015-02-27,2110.879883,2104.50
2015-03-02,2105.22998,2117.389893
2015-03-03,2115.76001,2107.780029
2015-03-04,2107.719971,2098.530029
2015-03-05,2098.540039,2101.040039
2015-03-06,2100.909912,2071.26001
2015-03-09,2072.25,2079.429932
2015-03-10,2076.139893,2044.160034
2015-03-11,2044.689941,2040.23999
2015-03-12,2041.099976,2065.949951
2015-03-13,2064.560059,2053.399902
2015-03-16,2055.350098,2081.189941
2015-03-17,2080.590088,2074.280029
2015-03-18,2072.840088,2099.50
2015-03-19,2098.689941,2089.27002
2015-03-20,2090.320068,2108.100098
2015-03-23,2107.98999,2104.419922
2015-03-24,2103.939941,2091.50
2015-03-25,2093.100098,2061.050049
2015-03-26,2059.939941,2056.149902
2015-03-27,2055.780029,2061.02002
2015-03-30,2064.110107,2086.23999
2015-03-31,2084.050049,2067.889893
2015-04-01,2067.629883,2059.689941
2015-04-02,2060.030029,2066.959961
2015-04-06,2064.870117,2080.620117
2015-04-07,2080.790039,2076.330078
2015-04-08,2076.939941,2081.899902
2015-04-09,2081.290039,2091.179932
2015-04-10,2091.51001,2102.060059
2015-04-13,2102.030029,2092.429932
2015-04-14,2092.280029,2095.840088
2015-04-15,2097.820068,2106.629883
2015-04-16,2105.959961,2104.98999
2015-04-17,2102.580078,2081.179932
2015-04-20,2084.110107,2100.399902
2015-04-21,2102.820068,2097.290039
2015-04-22,2098.27002,2107.959961
2015-04-23,2107.209961,2112.929932
2015-04-24,2112.800049,2117.689941
2015-04-27,2119.290039,2108.919922
2015-04-28,2108.350098,2114.76001
2015-04-29,2112.48999,2106.850098
2015-04-30,2105.52002,2085.51001
2015-05-01,2087.379883,2108.290039
2015-05-04,2110.22998,2114.48999
2015-05-05,2112.629883,2089.459961
2015-05-06,2091.26001,2080.149902
2015-05-07,2079.959961,2088.00
2015-05-08,2092.129883,2116.100098
2015-05-11,2115.560059,2105.330078
2015-05-12,2102.870117,2099.120117
2015-05-13,2099.620117,2098.47998
2015-05-14,2100.429932,2121.100098
2015-05-15,2122.070068,2122.72998
2015-05-18,2121.300049,2129.199951
2015-05-19,2129.449951,2127.830078
2015-05-20,2127.790039,2125.850098
2015-05-21,2125.550049,2130.820068
2015-05-22,2130.360107,2126.060059
2015-05-26,2125.340088,2104.199951
2015-05-27,2105.129883,2123.47998
2015-05-28,2122.27002,2120.790039
2015-05-29,2120.659912,2107.389893
2015-06-01,2108.639893,2111.72998
2015-06-02,2110.409912,2109.600098
2015-06-03,2110.639893,2114.070068
2015-06-04,2112.350098,2095.840088
2015-06-05,2095.090088,2092.830078
2015-06-08,2092.340088,2079.280029
2015-06-09,2079.070068,2080.149902
2015-06-10,2081.120117,2105.199951
2015-06-11,2106.23999,2108.860107
2015-06-12,2107.429932,2094.110107
2015-06-15,2091.340088,2084.429932
2015-06-16,2084.26001,2096.290039
2015-06-17,2097.399902,2100.439941
2015-06-18,2101.580078,2121.23999
2015-06-19,2121.060059,2109.98999
2015-06-22,2112.50,2122.850098
2015-06-23,2123.159912,2124.199951
2015-06-24,2123.649902,2108.580078
2015-06-25,2109.959961,2102.310059
2015-06-26,2102.620117,2101.48999
2015-06-29,2098.629883,2057.639893
2015-06-30,2061.189941,2063.110107
2015-07-01,2067.00,2077.419922
2015-07-02,2078.030029,2076.780029
2015-07-06,2073.949951,2068.76001
2015-07-07,2069.52002,2081.340088
2015-07-08,2077.659912,2046.680054
2015-07-09,2049.72998,2051.310059
2015-07-10,2052.73999,2076.620117
2015-07-13,2080.030029,2099.600098
2015-07-14,2099.719971,2108.949951
2015-07-15,2109.01001,2107.399902
2015-07-16,2110.550049,2124.290039
2015-07-17,2126.800049,2126.639893
2015-07-20,2126.850098,2128.280029
2015-07-21,2127.550049,2119.209961
2015-07-22,2118.209961,2114.149902
2015-07-23,2114.159912,2102.149902
2015-07-24,2102.23999,2079.649902
2015-07-27,2078.189941,2067.639893
2015-07-28,2070.75,2093.25
2015-07-29,2094.699951,2108.570068
2015-07-30,2106.780029,2108.629883
2015-07-31,2111.600098,2103.840088
2015-08-03,2104.48999,2098.040039
2015-08-04,2097.679932,2093.320068
2015-08-05,2095.27002,2099.840088
2015-08-06,2100.75,2083.560059
2015-08-07,2082.610107,2077.570068
2015-08-10,2080.97998,2104.179932
2015-08-11,2102.659912,2084.070068
2015-08-12,2081.100098,2086.050049
2015-08-13,2086.189941,2083.389893
2015-08-14,2083.149902,2091.540039
2015-08-17,2089.699951,2102.439941
2015-08-18,2101.98999,2096.919922
2015-08-19,2095.689941,2079.610107
2015-08-20,2076.610107,2035.72998
2015-08-21,2034.079956,1970.890015
2015-08-24,1965.150024,1893.209961
2015-08-25,1898.079956,1867.609985
2015-08-26,1872.75,1940.51001
2015-08-27,1942.77002,1987.660034
2015-08-28,1986.060059,1988.869995
2015-08-31,1986.72998,1972.180054
2015-09-01,1970.089966,1913.849976
2015-09-02,1916.52002,1948.859985
2015-09-03,1950.790039,1951.130005
2015-09-04,1947.76001,1921.219971
2015-09-08,1927.300049,1969.410034
2015-09-09,1971.449951,1942.040039
2015-09-10,1941.589966,1952.290039
2015-09-11,1951.449951,1961.050049
2015-09-14,1963.060059,1953.030029
2015-09-15,1955.099976,1978.089966
2015-09-16,1978.02002,1995.310059
2015-09-17,1995.329956,1990.199951
2015-09-18,1989.660034,1958.030029
2015-09-21,1960.839966,1966.969971
2015-09-22,1961.390015,1942.73999
2015-09-23,1943.23999,1938.76001
2015-09-24,1934.810059,1932.23999
2015-09-25,1935.930054,1931.339966
2015-09-28,1929.180054,1881.77002
2015-09-29,1881.900024,1884.089966
2015-09-30,1887.140015,1920.030029
2015-10-01,1919.650024,1923.819946
2015-10-02,1921.77002,1951.359985
2015-10-05,1954.329956,1987.050049
2015-10-06,1986.630005,1979.920044
2015-10-07,1982.339966,1995.829956
2015-10-08,1994.01001,2013.430054
2015-10-09,2013.72998,2014.890015
2015-10-12,2015.650024,2017.459961
2015-10-13,2015.00,2003.689941
2015-10-14,2003.660034,1994.23999
2015-10-15,1996.469971,2023.859985
2015-10-16,2024.369995,2033.109985
2015-10-19,2031.72998,2033.660034
2015-10-20,2033.130005,2030.77002
2015-10-21,2033.469971,2018.939941
2015-10-22,2021.880005,2052.51001
2015-10-23,2058.189941,2075.149902
2015-10-26,2075.080078,2071.179932
2015-10-27,2068.75,2065.889893
2015-10-28,2066.47998,2090.350098
2015-10-29,2088.350098,2089.409912
2015-10-30,2090.00,2079.360107
2015-11-02,2080.76001,2104.050049
2015-11-03,2102.629883,2109.790039
2015-11-04,2110.600098,2102.310059
2015-11-05,2101.679932,2099.929932
2015-11-06,2098.600098,2099.199951
2015-11-09,2096.560059,2078.580078
2015-11-10,2077.189941,2081.719971
2015-11-11,2083.409912,2075.00
2015-11-12,2072.290039,2045.969971
2015-11-13,2044.640015,2023.040039
2015-11-16,2022.079956,2053.189941
2015-11-17,2053.669922,2050.439941
2015-11-18,2051.98999,2083.580078
2015-11-19,2083.699951,2081.23999
2015-11-20,2082.820068,2089.169922
2015-11-23,2089.409912,2086.590088
2015-11-24,2084.419922,2089.139893
2015-11-25,2089.300049,2088.870117
2015-11-27,2088.820068,2090.110107
2015-11-30,2090.949951,2080.409912
2015-12-01,2082.929932,2102.629883
2015-12-02,2101.709961,2079.51001
2015-12-03,2080.709961,2049.620117
2015-12-04,2051.23999,2091.689941
2015-12-07,2090.419922,2077.070068
2015-12-08,2073.389893,2063.590088
2015-12-09,2061.169922,2047.619995
2015-12-10,2047.930054,2052.22998
2015-12-11,2047.27002,2012.369995
2015-12-14,2013.369995,2021.939941
2015-12-15,2025.550049,2043.410034
2015-12-16,2046.50,2073.070068
2015-12-17,2073.76001,2041.890015
2015-12-18,2040.810059,2005.550049
2015-12-21,2010.27002,2021.150024
2015-12-22,2023.150024,2038.969971
2015-12-23,2042.199951,2064.290039
2015-12-24,2063.52002,2060.98999
2015-12-28,2057.77002,2056.50
2015-12-29,2060.540039,2078.360107
2015-12-30,2077.340088,2063.360107
2015-12-31,2060.590088,2043.939941
2016-01-04,2038.199951,2012.660034
2016-01-05,2013.780029,2016.709961
2016-01-06,2011.709961,1990.26001
2016-01-07,1985.319946,1943.089966
2016-01-08,1945.969971,1922.030029
2016-01-11,1926.119995,1923.670044
2016-01-12,1927.829956,1938.680054
2016-01-13,1940.339966,1890.280029
2016-01-14,1891.680054,1921.839966
2016-01-15,1916.680054,1880.329956
2016-01-19,1888.660034,1881.329956
2016-01-20,1876.180054,1859.329956
2016-01-21,1861.459961,1868.98999
2016-01-22,1877.400024,1906.900024
2016-01-25,1906.280029,1877.079956
2016-01-26,1878.790039,1903.630005
2016-01-27,1902.52002,1882.949951
2016-01-28,1885.219971,1893.359985
2016-01-29,1894.00,1940.23999
2016-02-01,1936.939941,1939.380005
2016-02-02,1935.26001,1903.030029
2016-02-03,1907.069946,1912.530029
2016-02-04,1911.670044,1915.449951
2016-02-05,1913.069946,1880.050049
2016-02-08,1873.25,1853.439941
2016-02-09,1848.459961,1852.209961
2016-02-10,1857.099976,1851.859985
2016-02-11,1847.00,1829.079956
2016-02-12,1833.400024,1864.780029
2016-02-16,1871.439941,1895.579956
2016-02-17,1898.800049,1926.819946
2016-02-18,1927.569946,1917.829956
2016-02-19,1916.73999,1917.780029
2016-02-22,1924.439941,1945.50
2016-02-23,1942.380005,1921.27002
2016-02-24,1917.560059,1929.800049
2016-02-25,1931.869995,1951.699951
2016-02-26,1954.949951,1948.050049
2016-02-29,1947.130005,1932.22998
2016-03-01,1937.089966,1978.349976
2016-03-02,1976.599976,1986.449951
2016-03-03,1985.599976,1993.400024
2016-03-04,1994.01001,1999.98999
2016-03-07,1996.109985,2001.76001
2016-03-08,1996.880005,1979.26001
2016-03-09,1981.439941,1989.26001
2016-03-10,1990.969971,1989.569946
2016-03-11,1994.709961,2022.189941
2016-03-14,2019.27002,2019.640015
2016-03-15,2015.27002,2015.930054
2016-03-16,2014.23999,2027.219971
2016-03-17,2026.900024,2040.589966
2016-03-18,2041.160034,2049.580078
2016-03-21,2047.880005,2051.600098
2016-03-22,2048.639893,2049.800049
2016-03-23,2048.550049,2036.709961
2016-03-24,2032.47998,2035.939941
2016-03-28,2037.890015,2037.050049
2016-03-29,2035.75,2055.01001
2016-03-30,2058.27002,2063.949951
2016-03-31,2063.77002,2059.73999
2016-04-01,2056.620117,2072.780029
2016-04-04,2073.189941,2066.129883
2016-04-05,2062.50,2045.170044
2016-04-06,2045.560059,2066.659912
2016-04-07,2063.01001,2041.910034
2016-04-08,2045.540039,2047.599976
2016-04-11,2050.22998,2041.98999
2016-04-12,2043.719971,2061.719971
2016-04-13,2065.919922,2082.419922
2016-04-14,2082.889893,2082.780029
2016-04-15,2083.100098,2080.72998
2016-04-18,2078.830078,2094.340088
2016-04-19,2096.050049,2100.800049
2016-04-20,2101.52002,2102.399902
2016-04-21,2102.090088,2091.47998
2016-04-22,2091.48999,2091.580078
2016-04-25,2089.370117,2087.790039
2016-04-26,2089.840088,2091.699951
2016-04-27,2092.330078,2095.149902
2016-04-28,2090.929932,2075.810059
2016-04-29,2071.820068,2065.300049
2016-05-02,2067.169922,2081.429932
2016-05-03,2077.179932,2063.370117
2016-05-04,2060.300049,2051.120117
2016-05-05,2052.949951,2050.629883
2016-05-06,2047.77002,2057.139893
2016-05-09,2057.550049,2058.689941
2016-05-10,2062.629883,2084.389893
2016-05-11,2083.290039,2064.459961
2016-05-12,2067.169922,2064.110107
2016-05-13,2062.50,2046.609985
2016-05-16,2046.530029,2066.659912
2016-05-17,2065.040039,2047.209961
2016-05-18,2044.380005,2047.630005
2016-05-19,2044.209961,2040.040039
2016-05-20,2041.880005,2052.320068
2016-05-23,2052.22998,2048.040039
2016-05-24,2052.649902,2076.060059
2016-05-25,2078.929932,2090.540039
2016-05-26,2091.439941,2090.100098
2016-05-27,2090.060059,2099.060059
2016-05-31,2100.129883,2096.949951
2016-06-01,2093.939941,2099.330078
2016-06-02,2097.709961,2105.26001
2016-06-03,2104.070068,2099.129883
2016-06-06,2100.830078,2109.409912
2016-06-07,2110.179932,2112.129883
2016-06-08,2112.709961,2119.120117
2016-06-09,2115.649902,2115.47998
2016-06-10,2109.570068,2096.070068
2016-06-13,2091.75,2079.060059
2016-06-14,2076.649902,2075.320068
2016-06-15,2077.600098,2071.50
2016-06-16,2066.360107,2077.98999
2016-06-17,2078.199951,2071.219971
2016-06-20,2075.580078,2083.25
2016-06-21,2085.189941,2088.899902
2016-06-22,2089.75,2085.449951
2016-06-23,2092.800049,2113.320068
2016-06-24,2103.810059,2037.410034
2016-06-27,2031.449951,2000.540039
2016-06-28,2006.670044,2036.089966
2016-06-29,2042.689941,2070.77002
2016-06-30,2073.169922,2098.860107
2016-07-01,2099.340088,2102.949951
2016-07-05,2095.050049,2088.550049
2016-07-06,2084.429932,2099.72998
2016-07-07,2100.419922,2097.899902
2016-07-08,2106.969971,2129.899902
2016-07-11,2131.719971,2137.159912
2016-07-12,2139.50,2152.139893
2016-07-13,2153.810059,2152.429932
2016-07-14,2157.879883,2163.75
2016-07-15,2165.129883,2161.73999
2016-07-18,2162.040039,2166.889893
2016-07-19,2163.790039,2163.780029
2016-07-20,2166.100098,2173.02002
2016-07-21,2172.909912,2165.169922
2016-07-22,2166.469971,2175.030029
2016-07-25,2173.709961,2168.47998
2016-07-26,2168.969971,2169.179932
2016-07-27,2169.810059,2166.580078
2016-07-28,2166.050049,2170.060059
2016-07-29,2168.830078,2173.600098
2016-08-01,2173.149902,2170.840088
2016-08-02,2169.939941,2157.030029
2016-08-03,2156.810059,2163.790039
2016-08-04,2163.51001,2164.25
2016-08-05,2168.790039,2182.870117
2016-08-08,2183.76001,2180.889893
2016-08-09,2182.23999,2181.73999
2016-08-10,2182.810059,2175.48999
2016-08-11,2177.969971,2185.790039
2016-08-12,2183.73999,2184.050049
2016-08-15,2186.080078,2190.149902
2016-08-16,2186.23999,2178.149902
2016-08-17,2177.840088,2182.219971
2016-08-18,2181.899902,2187.02002
2016-08-19,2184.23999,2183.870117
2016-08-22,2181.580078,2182.639893
2016-08-23,2187.810059,2186.899902
2016-08-24,2185.090088,2175.439941
2016-08-25,2173.290039,2172.469971
2016-08-26,2175.100098,2169.040039
2016-08-29,2170.189941,2180.379883
2016-08-30,2179.449951,2176.120117
2016-08-31,2173.560059,2170.949951
2016-09-01,2171.330078,2170.860107
2016-09-02,2177.48999,2179.97998
2016-09-06,2181.610107,2186.47998
2016-09-07,2185.169922,2186.159912
2016-09-08,2182.76001,2181.300049
2016-09-09,2169.080078,2127.810059
2016-09-12,2120.860107,2159.040039
2016-09-13,2150.469971,2127.02002
2016-09-14,2127.860107,2125.77002
2016-09-15,2125.360107,2147.26001
2016-09-16,2146.47998,2139.159912
2016-09-19,2143.98999,2139.120117
2016-09-20,2145.939941,2139.76001
2016-09-21,2144.580078,2163.120117
2016-09-22,2170.939941,2177.179932
2016-09-23,2173.290039,2164.689941
2016-09-26,2158.540039,2146.100098
2016-09-27,2146.040039,2159.929932
2016-09-28,2161.850098,2171.370117
2016-09-29,2168.899902,2151.129883
2016-09-30,2156.51001,2168.27002
2016-10-03,2164.330078,2161.199951
2016-10-04,2163.370117,2150.48999
2016-10-05,2155.149902,2159.72998
2016-10-06,2158.219971,2160.77002
2016-10-07,2164.189941,2153.73999
2016-10-10,2160.389893,2163.659912
2016-10-11,2161.350098,2136.72998
2016-10-12,2137.669922,2139.179932
2016-10-13,2130.26001,2132.550049
2016-10-14,2139.679932,2132.97998
2016-10-17,2132.949951,2126.50
2016-10-18,2138.310059,2139.600098
2016-10-19,2140.810059,2144.290039
2016-10-20,2142.51001,2141.340088
2016-10-21,2139.429932,2141.159912
2016-10-24,2148.50,2151.330078
2016-10-25,2149.719971,2143.159912
2016-10-26,2136.969971,2139.429932
2016-10-27,2144.060059,2133.040039
2016-10-28,2132.22998,2126.409912
2016-10-31,2129.780029,2126.149902
2016-11-01,2128.679932,2111.719971
2016-11-02,2109.429932,2097.939941
2016-11-03,2098.800049,2088.659912
2016-11-04,2083.790039,2085.179932
2016-11-07,2100.590088,2131.52002
2016-11-08,2129.919922,2139.560059
2016-11-09,2131.560059,2163.26001
2016-11-10,2167.48999,2167.47998
2016-11-11,2162.709961,2164.449951
2016-11-14,2165.639893,2164.199951
2016-11-15,2168.290039,2180.389893
2016-11-16,2177.530029,2176.939941
2016-11-17,2178.610107,2187.120117
2016-11-18,2186.850098,2181.899902
2016-11-21,2186.429932,2198.179932
2016-11-22,2201.560059,2202.939941
2016-11-23,2198.550049,2204.719971
2016-11-25,2206.27002,2213.350098
2016-11-28,2210.209961,2201.719971
2016-11-29,2200.76001,2204.659912
2016-11-30,2204.969971,2198.810059
2016-12-01,2200.169922,2191.080078
2016-12-02,2191.120117,2191.949951
2016-12-05,2200.649902,2204.709961
2016-12-06,2207.26001,2212.22998
2016-12-07,2210.719971,2241.350098
2016-12-08,2241.129883,2246.189941
2016-12-09,2249.72998,2259.530029
2016-12-12,2258.830078,2256.959961
2016-12-13,2263.320068,2271.719971
2016-12-14,2268.350098,2253.280029
2016-12-15,2253.77002,2262.030029
2016-12-16,2266.810059,2258.070068
2016-12-19,2259.23999,2262.530029
2016-12-20,2266.50,2270.76001
2016-12-21,2270.540039,2265.179932
2016-12-22,2262.929932,2260.959961
2016-12-23,2260.25,2263.790039
2016-12-27,2266.22998,2268.879883
2016-12-28,2270.22998,2249.919922
2016-12-29,2249.50,2249.26001
2016-12-30,2251.610107,2238.830078
